{
  "Full ensemble (all models)": {
    "WTEQ": {
      "rmse": 15.629209453009343,
      "rmse_clim": 11.484905413049841,
      "skill": -0.36084790347950935,
      "correlation": 0.7063901871377786,
      "bias": -1.2931215731841625,
      "n_points": 222
    },
    "snow_inches": {
      "rmse": 29.480920293405113,
      "rmse_clim": 27.974746279527135,
      "skill": -0.05384048880472769,
      "correlation": 0.19367822259030873,
      "bias": -0.4048798316970661,
      "n_points": 141
    }
  },
  "Ridge only": {
    "WTEQ": {
      "rmse": 16.704268246466626,
      "rmse_clim": 11.484905413049841,
      "skill": -0.4544541418239483,
      "correlation": 0.6137313380950461,
      "bias": -0.06723028284072896,
      "n_points": 222
    },
    "snow_inches": {
      "rmse": 31.195839796192878,
      "rmse_clim": 27.974746279527135,
      "skill": -0.11514290369178615,
      "correlation": 0.1496333862106014,
      "bias": 0.7673624110637292,
      "n_points": 141
    }
  },
  "Ridge + RF + GBR": {
    "WTEQ": {
      "rmse": 15.031046869095915,
      "rmse_clim": 11.484905413049841,
      "skill": -0.3087654036764409,
      "correlation": 0.7310439989971055,
      "bias": 0.14877819091944744,
      "n_points": 222
    },
    "snow_inches": {
      "rmse": 29.362951783670546,
      "rmse_clim": 27.974746279527135,
      "skill": -0.049623524384181605,
      "correlation": 0.22259059330726189,
      "bias": 1.438422524832255,
      "n_points": 141
    }
  }
}